"id","hs6"
"01010111","010111"
"01010119","010119"
"01010120","010120"
"01010210","010210"
"01010290","010290"
"01010310","010310"
"01010391","010391"
"01010392","010392"
"01010410","010410"
"01010420","010420"
"01010511","010511"
"01010519","010519"
"01010591","010591"
"01010599","010599"
"01010600","010600"
"01020110","020110"
"01020120","020120"
"01020130","020130"
"01020210","020210"
"01020220","020220"
"01020230","020230"
"01020311","020311"
"01020312","020312"
"01020319","020319"
"01020321","020321"
"01020322","020322"
"01020329","020329"
"01020410","020410"
"01020421","020421"
"01020422","020422"
"01020423","020423"
"01020430","020430"
"01020441","020441"
"01020442","020442"
"01020443","020443"
"01020450","020450"
"01020500","020500"
"01020610","020610"
"01020621","020621"
"01020622","020622"
"01020629","020629"
"01020630","020630"
"01020641","020641"
"01020649","020649"
"01020680","020680"
"01020690","020690"
"01020710","020710"
"01020721","020721"
"01020722","020722"
"01020723","020723"
"01020731","020731"
"01020739","020739"
"01020741","020741"
"01020742","020742"
"01020743","020743"
"01020750","020750"
"01020810","020810"
"01020820","020820"
"01020890","020890"
"01020900","020900"
"01021011","021011"
"01021012","021012"
"01021019","021019"
"01021020","021020"
"01021090","021090"
"01030110","030110"
"01030191","030191"
"01030192","030192"
"01030193","030193"
"01030199","030199"
"01030211","030211"
"01030212","030212"
"01030219","030219"
"01030221","030221"
"01030222","030222"
"01030223","030223"
"01030229","030229"
"01030231","030231"
"01030232","030232"
"01030233","030233"
"01030239","030239"
"01030240","030240"
"01030250","030250"
"01030261","030261"
"01030262","030262"
"01030263","030263"
"01030264","030264"
"01030265","030265"
"01030266","030266"
"01030269","030269"
"01030270","030270"
"01030310","030310"
"01030321","030321"
"01030322","030322"
"01030329","030329"
"01030331","030331"
"01030332","030332"
"01030333","030333"
"01030339","030339"
"01030341","030341"
"01030342","030342"
"01030343","030343"
"01030349","030349"
"01030350","030350"
"01030360","030360"
"01030371","030371"
"01030372","030372"
"01030373","030373"
"01030374","030374"
"01030375","030375"
"01030376","030376"
"01030377","030377"
"01030378","030378"
"01030379","030379"
"01030380","030380"
"01030410","030410"
"01030420","030420"
"01030490","030490"
"01030510","030510"
"01030520","030520"
"01030530","030530"
"01030541","030541"
"01030542","030542"
"01030549","030549"
"01030551","030551"
"01030559","030559"
"01030561","030561"
"01030562","030562"
"01030563","030563"
"01030569","030569"
"01030611","030611"
"01030612","030612"
"01030613","030613"
"01030614","030614"
"01030619","030619"
"01030621","030621"
"01030622","030622"
"01030623","030623"
"01030624","030624"
"01030629","030629"
"01030710","030710"
"01030721","030721"
"01030729","030729"
"01030731","030731"
"01030739","030739"
"01030741","030741"
"01030749","030749"
"01030751","030751"
"01030759","030759"
"01030760","030760"
"01030791","030791"
"01030799","030799"
"01040110","040110"
"01040120","040120"
"01040130","040130"
"01040210","040210"
"01040221","040221"
"01040229","040229"
"01040291","040291"
"01040299","040299"
"01040310","040310"
"01040390","040390"
"01040410","040410"
"01040490","040490"
"01040500","040500"
"01040610","040610"
"01040620","040620"
"01040630","040630"
"01040640","040640"
"01040690","040690"
"01040700","040700"
"01040811","040811"
"01040819","040819"
"01040891","040891"
"01040899","040899"
"01040900","040900"
"01041000","041000"
"01050100","050100"
"01050210","050210"
"01050290","050290"
"01050300","050300"
"01050400","050400"
"01050510","050510"
"01050590","050590"
"01050610","050610"
"01050690","050690"
"01050710","050710"
"01050790","050790"
"01050800","050800"
"01050900","050900"
"01051000","051000"
"01051110","051110"
"01051191","051191"
"01051199","051199"
"02060110","060110"
"02060120","060120"
"02060210","060210"
"02060220","060220"
"02060230","060230"
"02060240","060240"
"02060291","060291"
"02060299","060299"
"02060310","060310"
"02060390","060390"
"02060410","060410"
"02060491","060491"
"02060499","060499"
"02070110","070110"
"02070190","070190"
"02070200","070200"
"02070310","070310"
"02070320","070320"
"02070390","070390"
"02070410","070410"
"02070420","070420"
"02070490","070490"
"02070511","070511"
"02070519","070519"
"02070521","070521"
"02070529","070529"
"02070610","070610"
"02070690","070690"
"02070700","070700"
"02070810","070810"
"02070820","070820"
"02070890","070890"
"02070910","070910"
"02070920","070920"
"02070930","070930"
"02070940","070940"
"02070951","070951"
"02070952","070952"
"02070960","070960"
"02070970","070970"
"02070990","070990"
"02071010","071010"
"02071021","071021"
"02071022","071022"
"02071029","071029"
"02071030","071030"
"02071040","071040"
"02071080","071080"
"02071090","071090"
"02071110","071110"
"02071120","071120"
"02071130","071130"
"02071140","071140"
"02071190","071190"
"02071210","071210"
"02071220","071220"
"02071230","071230"
"02071290","071290"
"02071310","071310"
"02071320","071320"
"02071331","071331"
"02071332","071332"
"02071333","071333"
"02071339","071339"
"02071340","071340"
"02071350","071350"
"02071390","071390"
"02071410","071410"
"02071420","071420"
"02071490","071490"
"02080110","080110"
"02080120","080120"
"02080130","080130"
"02080211","080211"
"02080212","080212"
"02080221","080221"
"02080222","080222"
"02080231","080231"
"02080232","080232"
"02080240","080240"
"02080250","080250"
"02080290","080290"
"02080300","080300"
"02080410","080410"
"02080420","080420"
"02080430","080430"
"02080440","080440"
"02080450","080450"
"02080510","080510"
"02080520","080520"
"02080530","080530"
"02080540","080540"
"02080590","080590"
"02080610","080610"
"02080620","080620"
"02080710","080710"
"02080720","080720"
"02080810","080810"
"02080820","080820"
"02080910","080910"
"02080920","080920"
"02080930","080930"
"02080940","080940"
"02081010","081010"
"02081020","081020"
"02081030","081030"
"02081040","081040"
"02081090","081090"
"02081110","081110"
"02081120","081120"
"02081190","081190"
"02081210","081210"
"02081220","081220"
"02081290","081290"
"02081310","081310"
"02081320","081320"
"02081330","081330"
"02081340","081340"
"02081350","081350"
"02081400","081400"
"02090111","090111"
"02090112","090112"
"02090121","090121"
"02090122","090122"
"02090130","090130"
"02090140","090140"
"02090210","090210"
"02090220","090220"
"02090230","090230"
"02090240","090240"
"02090300","090300"
"02090411","090411"
"02090412","090412"
"02090420","090420"
"02090500","090500"
"02090610","090610"
"02090620","090620"
"02090700","090700"
"02090810","090810"
"02090820","090820"
"02090830","090830"
"02090910","090910"
"02090920","090920"
"02090930","090930"
"02090940","090940"
"02090950","090950"
"02091010","091010"
"02091020","091020"
"02091030","091030"
"02091040","091040"
"02091050","091050"
"02091091","091091"
"02091099","091099"
"02100110",100110
"02100190",100190
"02100200",100200
"02100300",100300
"02100400",100400
"02100510",100510
"02100590",100590
"02100610",100610
"02100620",100620
"02100630",100630
"02100640",100640
"02100700",100700
"02100810",100810
"02100820",100820
"02100830",100830
"02100890",100890
"02110100",110100
"02110210",110210
"02110220",110220
"02110230",110230
"02110290",110290
"02110311",110311
"02110312",110312
"02110313",110313
"02110314",110314
"02110319",110319
"02110321",110321
"02110329",110329
"02110411",110411
"02110412",110412
"02110419",110419
"02110421",110421
"02110422",110422
"02110423",110423
"02110429",110429
"02110430",110430
"02110510",110510
"02110520",110520
"02110610",110610
"02110620",110620
"02110630",110630
"02110710",110710
"02110720",110720
"02110811",110811
"02110812",110812
"02110813",110813
"02110814",110814
"02110819",110819
"02110820",110820
"02110900",110900
"02120100",120100
"02120210",120210
"02120220",120220
"02120300",120300
"02120400",120400
"02120500",120500
"02120600",120600
"02120710",120710
"02120720",120720
"02120730",120730
"02120740",120740
"02120750",120750
"02120760",120760
"02120791",120791
"02120792",120792
"02120799",120799
"02120810",120810
"02120890",120890
"02120911",120911
"02120919",120919
"02120921",120921
"02120922",120922
"02120923",120923
"02120924",120924
"02120925",120925
"02120926",120926
"02120929",120929
"02120930",120930
"02120991",120991
"02120999",120999
"02121010",121010
"02121020",121020
"02121110",121110
"02121120",121120
"02121190",121190
"02121210",121210
"02121220",121220
"02121230",121230
"02121291",121291
"02121292",121292
"02121299",121299
"02121300",121300
"02121410",121410
"02121490",121490
"02130110",130110
"02130120",130120
"02130190",130190
"02130211",130211
"02130212",130212
"02130213",130213
"02130214",130214
"02130219",130219
"02130220",130220
"02130231",130231
"02130232",130232
"02130239",130239
"02140110",140110
"02140120",140120
"02140190",140190
"02140210",140210
"02140291",140291
"02140299",140299
"02140310",140310
"02140390",140390
"02140410",140410
"02140420",140420
"02140490",140490
"03150100",150100
"03150200",150200
"03150300",150300
"03150410",150410
"03150420",150420
"03150430",150430
"03150510",150510
"03150590",150590
"03150600",150600
"03150710",150710
"03150790",150790
"03150810",150810
"03150890",150890
"03150910",150910
"03150990",150990
"03151000",151000
"03151110",151110
"03151190",151190
"03151211",151211
"03151219",151219
"03151221",151221
"03151229",151229
"03151311",151311
"03151319",151319
"03151321",151321
"03151329",151329
"03151410",151410
"03151490",151490
"03151511",151511
"03151519",151519
"03151521",151521
"03151529",151529
"03151530",151530
"03151540",151540
"03151550",151550
"03151560",151560
"03151590",151590
"03151610",151610
"03151620",151620
"03151710",151710
"03151790",151790
"03151800",151800
"03151911",151911
"03151912",151912
"03151913",151913
"03151919",151919
"03151920",151920
"03151930",151930
"03152010",152010
"03152090",152090
"03152110",152110
"03152190",152190
"03152200",152200
"04160100",160100
"04160210",160210
"04160220",160220
"04160231",160231
"04160239",160239
"04160241",160241
"04160242",160242
"04160249",160249
"04160250",160250
"04160290",160290
"04160300",160300
"04160411",160411
"04160412",160412
"04160413",160413
"04160414",160414
"04160415",160415
"04160416",160416
"04160419",160419
"04160420",160420
"04160430",160430
"04160510",160510
"04160520",160520
"04160530",160530
"04160540",160540
"04160590",160590
"04170111",170111
"04170112",170112
"04170191",170191
"04170199",170199
"04170210",170210
"04170220",170220
"04170230",170230
"04170240",170240
"04170250",170250
"04170260",170260
"04170290",170290
"04170310",170310
"04170390",170390
"04170410",170410
"04170490",170490
"04180100",180100
"04180200",180200
"04180310",180310
"04180320",180320
"04180400",180400
"04180500",180500
"04180610",180610
"04180620",180620
"04180631",180631
"04180632",180632
"04180690",180690
"04190110",190110
"04190120",190120
"04190190",190190
"04190211",190211
"04190219",190219
"04190220",190220
"04190230",190230
"04190240",190240
"04190300",190300
"04190410",190410
"04190490",190490
"04190510",190510
"04190520",190520
"04190530",190530
"04190540",190540
"04190590",190590
"04200110",200110
"04200120",200120
"04200190",200190
"04200210",200210
"04200290",200290
"04200310",200310
"04200320",200320
"04200410",200410
"04200490",200490
"04200510",200510
"04200520",200520
"04200530",200530
"04200540",200540
"04200551",200551
"04200559",200559
"04200560",200560
"04200570",200570
"04200580",200580
"04200590",200590
"04200600",200600
"04200710",200710
"04200791",200791
"04200799",200799
"04200811",200811
"04200819",200819
"04200820",200820
"04200830",200830
"04200840",200840
"04200850",200850
"04200860",200860
"04200870",200870
"04200880",200880
"04200891",200891
"04200892",200892
"04200899",200899
"04200911",200911
"04200919",200919
"04200920",200920
"04200930",200930
"04200940",200940
"04200950",200950
"04200960",200960
"04200970",200970
"04200980",200980
"04200990",200990
"04210110",210110
"04210120",210120
"04210130",210130
"04210210",210210
"04210220",210220
"04210230",210230
"04210310",210310
"04210320",210320
"04210330",210330
"04210390",210390
"04210410",210410
"04210420",210420
"04210500",210500
"04210610",210610
"04210690",210690
"04220110",220110
"04220190",220190
"04220210",220210
"04220290",220290
"04220300",220300
"04220410",220410
"04220421",220421
"04220429",220429
"04220430",220430
"04220510",220510
"04220590",220590
"04220600",220600
"04220710",220710
"04220720",220720
"04220810",220810
"04220820",220820
"04220830",220830
"04220840",220840
"04220850",220850
"04220890",220890
"04220900",220900
"04230110",230110
"04230120",230120
"04230210",230210
"04230220",230220
"04230230",230230
"04230240",230240
"04230250",230250
"04230310",230310
"04230320",230320
"04230330",230330
"04230400",230400
"04230500",230500
"04230610",230610
"04230620",230620
"04230630",230630
"04230640",230640
"04230650",230650
"04230660",230660
"04230690",230690
"04230700",230700
"04230810",230810
"04230890",230890
"04230910",230910
"04230990",230990
"04240110",240110
"04240120",240120
"04240130",240130
"04240210",240210
"04240220",240220
"04240290",240290
"04240310",240310
"04240391",240391
"04240399",240399
"05250100",250100
"05250200",250200
"05250310",250310
"05250390",250390
"05250410",250410
"05250490",250490
"05250510",250510
"05250590",250590
"05250610",250610
"05250621",250621
"05250629",250629
"05250700",250700
"05250810",250810
"05250820",250820
"05250830",250830
"05250840",250840
"05250850",250850
"05250860",250860
"05250870",250870
"05250900",250900
"05251010",251010
"05251020",251020
"05251110",251110
"05251120",251120
"05251200",251200
"05251311",251311
"05251319",251319
"05251321",251321
"05251329",251329
"05251400",251400
"05251511",251511
"05251512",251512
"05251520",251520
"05251611",251611
"05251612",251612
"05251621",251621
"05251622",251622
"05251690",251690
"05251710",251710
"05251720",251720
"05251730",251730
"05251741",251741
"05251749",251749
"05251810",251810
"05251820",251820
"05251830",251830
"05251910",251910
"05251990",251990
"05252010",252010
"05252020",252020
"05252100",252100
"05252210",252210
"05252220",252220
"05252230",252230
"05252310",252310
"05252321",252321
"05252329",252329
"05252330",252330
"05252390",252390
"05252400",252400
"05252510",252510
"05252520",252520
"05252530",252530
"05252610",252610
"05252620",252620
"05252700",252700
"05252810",252810
"05252890",252890
"05252910",252910
"05252921",252921
"05252922",252922
"05252930",252930
"05253010",253010
"05253020",253020
"05253030",253030
"05253040",253040
"05253090",253090
"05260111",260111
"05260112",260112
"05260120",260120
"05260200",260200
"05260300",260300
"05260400",260400
"05260500",260500
"05260600",260600
"05260700",260700
"05260800",260800
"05260900",260900
"05261000",261000
"05261100",261100
"05261210",261210
"05261220",261220
"05261310",261310
"05261390",261390
"05261400",261400
"05261510",261510
"05261590",261590
"05261610",261610
"05261690",261690
"05261710",261710
"05261790",261790
"05261800",261800
"05261900",261900
"05262011",262011
"05262019",262019
"05262020",262020
"05262030",262030
"05262040",262040
"05262050",262050
"05262090",262090
"05262100",262100
"05270111",270111
"05270112",270112
"05270119",270119
"05270120",270120
"05270210",270210
"05270220",270220
"05270300",270300
"05270400",270400
"05270500",270500
"05270600",270600
"05270710",270710
"05270720",270720
"05270730",270730
"05270740",270740
"05270750",270750
"05270760",270760
"05270791",270791
"05270799",270799
"05270810",270810
"05270820",270820
"05270900",270900
"05271000",271000
"05271011",271011
"05271012",271012
"05271013",271013
"05271014",271014
"05271015",271015
"05271016",271016
"05271019",271019
"05271021",271021
"05271022",271022
"05271025",271025
"05271026",271026
"05271027",271027
"05271029",271029
"05271091",271091
"05271093",271093
"05271094",271094
"05271095",271095
"05271096",271096
"05271099",271099
"05271111",271111
"05271112",271112
"05271113",271113
"05271114",271114
"05271119",271119
"05271121",271121
"05271129",271129
"05271210",271210
"05271220",271220
"05271290",271290
"05271311",271311
"05271312",271312
"05271320",271320
"05271390",271390
"05271410",271410
"05271490",271490
"05271500",271500
"05271600",271600
"06280110",280110
"06280120",280120
"06280130",280130
"06280200",280200
"06280300",280300
"06280410",280410
"06280421",280421
"06280429",280429
"06280430",280430
"06280440",280440
"06280450",280450
"06280461",280461
"06280469",280469
"06280470",280470
"06280480",280480
"06280490",280490
"06280511",280511
"06280519",280519
"06280521",280521
"06280522",280522
"06280530",280530
"06280540",280540
"06280610",280610
"06280620",280620
"06280700",280700
"06280800",280800
"06280910",280910
"06280920",280920
"06281000",281000
"06281111",281111
"06281119",281119
"06281121",281121
"06281122",281122
"06281123",281123
"06281129",281129
"06281210",281210
"06281290",281290
"06281310",281310
"06281390",281390
"06281410",281410
"06281420",281420
"06281511",281511
"06281512",281512
"06281520",281520
"06281530",281530
"06281610",281610
"06281620",281620
"06281630",281630
"06281700",281700
"06281810",281810
"06281820",281820
"06281830",281830
"06281910",281910
"06281990",281990
"06282010",282010
"06282090",282090
"06282110",282110
"06282120",282120
"06282200",282200
"06282300",282300
"06282410",282410
"06282420",282420
"06282490",282490
"06282510",282510
"06282520",282520
"06282530",282530
"06282540",282540
"06282550",282550
"06282560",282560
"06282570",282570
"06282580",282580
"06282590",282590
"06282611",282611
"06282612",282612
"06282619",282619
"06282620",282620
"06282630",282630
"06282690",282690
"06282710",282710
"06282720",282720
"06282731",282731
"06282732",282732
"06282733",282733
"06282734",282734
"06282735",282735
"06282736",282736
"06282737",282737
"06282738",282738
"06282739",282739
"06282741",282741
"06282749",282749
"06282751",282751
"06282759",282759
"06282760",282760
"06282810",282810
"06282890",282890
"06282911",282911
"06282919",282919
"06282990",282990
"06283010",283010
"06283020",283020
"06283030",283030
"06283090",283090
"06283110",283110
"06283190",283190
"06283210",283210
"06283220",283220
"06283230",283230
"06283311",283311
"06283319",283319
"06283321",283321
"06283322",283322
"06283323",283323
"06283324",283324
"06283325",283325
"06283326",283326
"06283327",283327
"06283329",283329
"06283330",283330
"06283340",283340
"06283410",283410
"06283421",283421
"06283422",283422
"06283429",283429
"06283510",283510
"06283521",283521
"06283522",283522
"06283523",283523
"06283524",283524
"06283525",283525
"06283526",283526
"06283529",283529
"06283531",283531
"06283539",283539
"06283610",283610
"06283620",283620
"06283630",283630
"06283640",283640
"06283650",283650
"06283660",283660
"06283670",283670
"06283691",283691
"06283692",283692
"06283693",283693
"06283699",283699
"06283711",283711
"06283719",283719
"06283720",283720
"06283800",283800
"06283911",283911
"06283919",283919
"06283920",283920
"06283990",283990
"06284011",284011
"06284019",284019
"06284020",284020
"06284030",284030
"06284110",284110
"06284120",284120
"06284130",284130
"06284140",284140
"06284150",284150
"06284160",284160
"06284170",284170
"06284180",284180
"06284190",284190
"06284210",284210
"06284290",284290
"06284310",284310
"06284321",284321
"06284329",284329
"06284330",284330
"06284390",284390
"06284410",284410
"06284420",284420
"06284430",284430
"06284440",284440
"06284450",284450
"06284510",284510
"06284590",284590
"06284610",284610
"06284690",284690
"06284700",284700
"06284810",284810
"06284890",284890
"06284910",284910
"06284920",284920
"06284990",284990
"06285000",285000
"06285100",285100
"06290110",290110
"06290121",290121
"06290122",290122
"06290123",290123
"06290124",290124
"06290129",290129
"06290211",290211
"06290219",290219
"06290220",290220
"06290230",290230
"06290241",290241
"06290242",290242
"06290243",290243
"06290244",290244
"06290250",290250
"06290260",290260
"06290270",290270
"06290290",290290
"06290311",290311
"06290312",290312
"06290313",290313
"06290314",290314
"06290315",290315
"06290316",290316
"06290319",290319
"06290321",290321
"06290322",290322
"06290323",290323
"06290329",290329
"06290330",290330
"06290340",290340
"06290351",290351
"06290359",290359
"06290361",290361
"06290362",290362
"06290369",290369
"06290410",290410
"06290420",290420
"06290490",290490
"06290511",290511
"06290512",290512
"06290513",290513
"06290514",290514
"06290515",290515
"06290516",290516
"06290517",290517
"06290519",290519
"06290521",290521
"06290522",290522
"06290529",290529
"06290531",290531
"06290532",290532
"06290539",290539
"06290541",290541
"06290542",290542
"06290543",290543
"06290544",290544
"06290549",290549
"06290550",290550
"06290611",290611
"06290612",290612
"06290613",290613
"06290614",290614
"06290619",290619
"06290621",290621
"06290629",290629
"06290711",290711
"06290712",290712
"06290713",290713
"06290714",290714
"06290715",290715
"06290719",290719
"06290721",290721
"06290722",290722
"06290723",290723
"06290729",290729
"06290730",290730
"06290810",290810
"06290820",290820
"06290890",290890
"06290911",290911
"06290919",290919
"06290920",290920
"06290930",290930
"06290941",290941
"06290942",290942
"06290943",290943
"06290944",290944
"06290949",290949
"06290950",290950
"06290960",290960
"06291010",291010
"06291020",291020
"06291030",291030
"06291090",291090
"06291100",291100
"06291211",291211
"06291212",291212
"06291213",291213
"06291219",291219
"06291221",291221
"06291229",291229
"06291230",291230
"06291241",291241
"06291242",291242
"06291249",291249
"06291250",291250
"06291260",291260
"06291300",291300
"06291411",291411
"06291412",291412
"06291413",291413
"06291419",291419
"06291421",291421
"06291422",291422
"06291423",291423
"06291429",291429
"06291430",291430
"06291441",291441
"06291449",291449
"06291450",291450
"06291461",291461
"06291469",291469
"06291470",291470
"06291511",291511
"06291512",291512
"06291513",291513
"06291521",291521
"06291522",291522
"06291523",291523
"06291524",291524
"06291529",291529
"06291531",291531
"06291532",291532
"06291533",291533
"06291534",291534
"06291535",291535
"06291539",291539
"06291540",291540
"06291550",291550
"06291560",291560
"06291570",291570
"06291590",291590
"06291611",291611
"06291612",291612
"06291613",291613
"06291614",291614
"06291615",291615
"06291619",291619
"06291620",291620
"06291631",291631
"06291632",291632
"06291633",291633
"06291639",291639
"06291711",291711
"06291712",291712
"06291713",291713
"06291714",291714
"06291719",291719
"06291720",291720
"06291731",291731
"06291732",291732
"06291733",291733
"06291734",291734
"06291735",291735
"06291736",291736
"06291737",291737
"06291739",291739
"06291811",291811
"06291812",291812
"06291813",291813
"06291814",291814
"06291815",291815
"06291816",291816
"06291817",291817
"06291819",291819
"06291821",291821
"06291822",291822
"06291823",291823
"06291829",291829
"06291830",291830
"06291890",291890
"06291900",291900
"06292010",292010
"06292090",292090
"06292111",292111
"06292112",292112
"06292119",292119
"06292121",292121
"06292122",292122
"06292129",292129
"06292130",292130
"06292141",292141
"06292142",292142
"06292143",292143
"06292144",292144
"06292145",292145
"06292149",292149
"06292151",292151
"06292159",292159
"06292211",292211
"06292212",292212
"06292213",292213
"06292219",292219
"06292221",292221
"06292222",292222
"06292229",292229
"06292230",292230
"06292241",292241
"06292242",292242
"06292249",292249
"06292250",292250
"06292310",292310
"06292320",292320
"06292390",292390
"06292410",292410
"06292421",292421
"06292429",292429
"06292511",292511
"06292519",292519
"06292520",292520
"06292610",292610
"06292620",292620
"06292690",292690
"06292700",292700
"06292800",292800
"06292910",292910
"06292990",292990
"06293010",293010
"06293020",293020
"06293030",293030
"06293040",293040
"06293090",293090
"06293100",293100
"06293211",293211
"06293212",293212
"06293213",293213
"06293219",293219
"06293221",293221
"06293229",293229
"06293290",293290
"06293311",293311
"06293319",293319
"06293321",293321
"06293329",293329
"06293331",293331
"06293339",293339
"06293340",293340
"06293351",293351
"06293359",293359
"06293361",293361
"06293369",293369
"06293371",293371
"06293379",293379
"06293390",293390
"06293410",293410
"06293420",293420
"06293430",293430
"06293490",293490
"06293500",293500
"06293610",293610
"06293621",293621
"06293622",293622
"06293623",293623
"06293624",293624
"06293625",293625
"06293626",293626
"06293627",293627
"06293628",293628
"06293629",293629
"06293690",293690
"06293710",293710
"06293721",293721
"06293722",293722
"06293729",293729
"06293791",293791
"06293792",293792
"06293799",293799
"06293810",293810
"06293890",293890
"06293910",293910
"06293921",293921
"06293929",293929
"06293930",293930
"06293940",293940
"06293950",293950
"06293960",293960
"06293970",293970
"06293990",293990
"06294000",294000
"06294110",294110
"06294120",294120
"06294130",294130
"06294140",294140
"06294150",294150
"06294190",294190
"06294200",294200
"06300110",300110
"06300120",300120
"06300190",300190
"06300210",300210
"06300220",300220
"06300231",300231
"06300239",300239
"06300290",300290
"06300310",300310
"06300320",300320
"06300331",300331
"06300339",300339
"06300340",300340
"06300390",300390
"06300410",300410
"06300420",300420
"06300431",300431
"06300432",300432
"06300439",300439
"06300440",300440
"06300450",300450
"06300490",300490
"06300510",300510
"06300590",300590
"06300610",300610
"06300620",300620
"06300630",300630
"06300640",300640
"06300650",300650
"06300660",300660
"06310100",310100
"06310210",310210
"06310221",310221
"06310229",310229
"06310230",310230
"06310240",310240
"06310250",310250
"06310260",310260
"06310270",310270
"06310280",310280
"06310290",310290
"06310310",310310
"06310320",310320
"06310390",310390
"06310410",310410
"06310420",310420
"06310430",310430
"06310490",310490
"06310510",310510
"06310520",310520
"06310530",310530
"06310540",310540
"06310551",310551
"06310559",310559
"06310560",310560
"06310590",310590
"06320110",320110
"06320120",320120
"06320130",320130
"06320190",320190
"06320210",320210
"06320290",320290
"06320300",320300
"06320411",320411
"06320412",320412
"06320413",320413
"06320414",320414
"06320415",320415
"06320416",320416
"06320417",320417
"06320419",320419
"06320420",320420
"06320490",320490
"06320500",320500
"06320610",320610
"06320620",320620
"06320630",320630
"06320641",320641
"06320642",320642
"06320643",320643
"06320649",320649
"06320650",320650
"06320710",320710
"06320720",320720
"06320730",320730
"06320740",320740
"06320810",320810
"06320820",320820
"06320890",320890
"06320910",320910
"06320990",320990
"06321000",321000
"06321100",321100
"06321210",321210
"06321290",321290
"06321310",321310
"06321390",321390
"06321410",321410
"06321490",321490
"06321511",321511
"06321519",321519
"06321590",321590
"06330111",330111
"06330112",330112
"06330113",330113
"06330114",330114
"06330119",330119
"06330121",330121
"06330122",330122
"06330123",330123
"06330124",330124
"06330125",330125
"06330126",330126
"06330129",330129
"06330130",330130
"06330190",330190
"06330210",330210
"06330290",330290
"06330300",330300
"06330410",330410
"06330420",330420
"06330430",330430
"06330491",330491
"06330499",330499
"06330510",330510
"06330520",330520
"06330530",330530
"06330590",330590
"06330610",330610
"06330690",330690
"06330710",330710
"06330720",330720
"06330730",330730
"06330741",330741
"06330749",330749
"06330790",330790
"06340111",340111
"06340119",340119
"06340120",340120
"06340211",340211
"06340212",340212
"06340213",340213
"06340219",340219
"06340220",340220
"06340290",340290
"06340311",340311
"06340319",340319
"06340391",340391
"06340399",340399
"06340410",340410
"06340420",340420
"06340490",340490
"06340510",340510
"06340520",340520
"06340530",340530
"06340540",340540
"06340590",340590
"06340600",340600
"06340700",340700
"06350110",350110
"06350190",350190
"06350210",350210
"06350290",350290
"06350300",350300
"06350400",350400
"06350510",350510
"06350520",350520
"06350610",350610
"06350691",350691
"06350699",350699
"06350710",350710
"06350790",350790
"06360100",360100
"06360200",360200
"06360300",360300
"06360410",360410
"06360490",360490
"06360500",360500
"06360610",360610
"06360690",360690
"06370110",370110
"06370120",370120
"06370130",370130
"06370191",370191
"06370199",370199
"06370210",370210
"06370220",370220
"06370231",370231
"06370232",370232
"06370239",370239
"06370241",370241
"06370242",370242
"06370243",370243
"06370244",370244
"06370251",370251
"06370252",370252
"06370253",370253
"06370254",370254
"06370255",370255
"06370256",370256
"06370291",370291
"06370292",370292
"06370293",370293
"06370294",370294
"06370295",370295
"06370310",370310
"06370320",370320
"06370390",370390
"06370400",370400
"06370510",370510
"06370520",370520
"06370590",370590
"06370610",370610
"06370690",370690
"06370710",370710
"06370790",370790
"06380110",380110
"06380120",380120
"06380130",380130
"06380190",380190
"06380210",380210
"06380290",380290
"06380300",380300
"06380400",380400
"06380510",380510
"06380520",380520
"06380590",380590
"06380610",380610
"06380620",380620
"06380630",380630
"06380690",380690
"06380700",380700
"06380810",380810
"06380820",380820
"06380830",380830
"06380840",380840
"06380890",380890
"06380910",380910
"06380991",380991
"06380992",380992
"06380993",380993
"06380999",380999
"06381010",381010
"06381090",381090
"06381111",381111
"06381119",381119
"06381121",381121
"06381129",381129
"06381190",381190
"06381210",381210
"06381220",381220
"06381230",381230
"06381300",381300
"06381400",381400
"06381511",381511
"06381512",381512
"06381519",381519
"06381590",381590
"06381600",381600
"06381710",381710
"06381720",381720
"06381800",381800
"06381900",381900
"06382000",382000
"06382100",382100
"06382200",382200
"06382310",382310
"06382320",382320
"06382330",382330
"06382340",382340
"06382350",382350
"06382360",382360
"06382390",382390
"07390110",390110
"07390120",390120
"07390130",390130
"07390190",390190
"07390210",390210
"07390220",390220
"07390230",390230
"07390290",390290
"07390311",390311
"07390319",390319
"07390320",390320
"07390330",390330
"07390390",390390
"07390410",390410
"07390421",390421
"07390422",390422
"07390430",390430
"07390440",390440
"07390450",390450
"07390461",390461
"07390469",390469
"07390490",390490
"07390511",390511
"07390519",390519
"07390520",390520
"07390590",390590
"07390610",390610
"07390690",390690
"07390710",390710
"07390720",390720
"07390730",390730
"07390740",390740
"07390750",390750
"07390760",390760
"07390791",390791
"07390799",390799
"07390810",390810
"07390890",390890
"07390910",390910
"07390920",390920
"07390930",390930
"07390940",390940
"07390950",390950
"07391000",391000
"07391110",391110
"07391190",391190
"07391211",391211
"07391212",391212
"07391220",391220
"07391231",391231
"07391239",391239
"07391290",391290
"07391310",391310
"07391390",391390
"07391400",391400
"07391510",391510
"07391520",391520
"07391530",391530
"07391590",391590
"07391610",391610
"07391620",391620
"07391690",391690
"07391710",391710
"07391721",391721
"07391722",391722
"07391723",391723
"07391729",391729
"07391731",391731
"07391732",391732
"07391733",391733
"07391739",391739
"07391740",391740
"07391810",391810
"07391890",391890
"07391910",391910
"07391990",391990
"07392010",392010
"07392020",392020
"07392030",392030
"07392041",392041
"07392042",392042
"07392051",392051
"07392059",392059
"07392061",392061
"07392062",392062
"07392063",392063
"07392069",392069
"07392071",392071
"07392072",392072
"07392073",392073
"07392079",392079
"07392091",392091
"07392092",392092
"07392093",392093
"07392094",392094
"07392099",392099
"07392111",392111
"07392112",392112
"07392113",392113
"07392114",392114
"07392119",392119
"07392190",392190
"07392210",392210
"07392220",392220
"07392290",392290
"07392310",392310
"07392321",392321
"07392329",392329
"07392330",392330
"07392340",392340
"07392350",392350
"07392390",392390
"07392410",392410
"07392490",392490
"07392510",392510
"07392520",392520
"07392530",392530
"07392590",392590
"07392610",392610
"07392620",392620
"07392630",392630
"07392640",392640
"07392690",392690
"07400110",400110
"07400121",400121
"07400122",400122
"07400129",400129
"07400130",400130
"07400211",400211
"07400219",400219
"07400220",400220
"07400231",400231
"07400239",400239
"07400241",400241
"07400249",400249
"07400251",400251
"07400259",400259
"07400260",400260
"07400270",400270
"07400280",400280
"07400291",400291
"07400299",400299
"07400300",400300
"07400400",400400
"07400510",400510
"07400520",400520
"07400591",400591
"07400599",400599
"07400610",400610
"07400690",400690
"07400700",400700
"07400811",400811
"07400819",400819
"07400821",400821
"07400829",400829
"07400910",400910
"07400920",400920
"07400930",400930
"07400940",400940
"07400950",400950
"07401010",401010
"07401091",401091
"07401099",401099
"07401110",401110
"07401120",401120
"07401130",401130
"07401140",401140
"07401150",401150
"07401191",401191
"07401199",401199
"07401210",401210
"07401220",401220
"07401290",401290
"07401310",401310
"07401320",401320
"07401390",401390
"07401410",401410
"07401490",401490
"07401511",401511
"07401519",401519
"07401590",401590
"07401610",401610
"07401691",401691
"07401692",401692
"07401693",401693
"07401694",401694
"07401695",401695
"07401699",401699
"07401700",401700
"08410110",410110
"08410121",410121
"08410122",410122
"08410129",410129
"08410130",410130
"08410140",410140
"08410210",410210
"08410221",410221
"08410229",410229
"08410310",410310
"08410320",410320
"08410390",410390
"08410410",410410
"08410421",410421
"08410422",410422
"08410429",410429
"08410431",410431
"08410439",410439
"08410511",410511
"08410512",410512
"08410519",410519
"08410520",410520
"08410611",410611
"08410612",410612
"08410619",410619
"08410620",410620
"08410710",410710
"08410721",410721
"08410729",410729
"08410790",410790
"08410800",410800
"08410900",410900
"08411000",411000
"08411100",411100
"08420100",420100
"08420211",420211
"08420212",420212
"08420219",420219
"08420221",420221
"08420222",420222
"08420229",420229
"08420231",420231
"08420232",420232
"08420239",420239
"08420291",420291
"08420292",420292
"08420299",420299
"08420310",420310
"08420321",420321
"08420329",420329
"08420330",420330
"08420340",420340
"08420400",420400
"08420500",420500
"08420610",420610
"08420690",420690
"08430110",430110
"08430120",430120
"08430130",430130
"08430140",430140
"08430150",430150
"08430160",430160
"08430170",430170
"08430180",430180
"08430190",430190
"08430211",430211
"08430212",430212
"08430213",430213
"08430219",430219
"08430220",430220
"08430230",430230
"08430310",430310
"08430390",430390
"08430400",430400
"09440110",440110
"09440121",440121
"09440122",440122
"09440130",440130
"09440200",440200
"09440310",440310
"09440320",440320
"09440331",440331
"09440332",440332
"09440333",440333
"09440334",440334
"09440335",440335
"09440391",440391
"09440392",440392
"09440399",440399
"09440410",440410
"09440420",440420
"09440500",440500
"09440610",440610
"09440690",440690
"09440710",440710
"09440721",440721
"09440722",440722
"09440723",440723
"09440791",440791
"09440792",440792
"09440799",440799
"09440810",440810
"09440820",440820
"09440890",440890
"09440910",440910
"09440920",440920
"09441010",441010
"09441090",441090
"09441111",441111
"09441119",441119
"09441121",441121
"09441129",441129
"09441131",441131
"09441139",441139
"09441191",441191
"09441199",441199
"09441211",441211
"09441212",441212
"09441219",441219
"09441221",441221
"09441229",441229
"09441291",441291
"09441299",441299
"09441300",441300
"09441400",441400
"09441510",441510
"09441520",441520
"09441600",441600
"09441700",441700
"09441810",441810
"09441820",441820
"09441830",441830
"09441840",441840
"09441850",441850
"09441890",441890
"09441900",441900
"09442010",442010
"09442090",442090
"09442110",442110
"09442190",442190
"09450110",450110
"09450190",450190
"09450200",450200
"09450310",450310
"09450390",450390
"09450410",450410
"09450490",450490
"09460110",460110
"09460120",460120
"09460191",460191
"09460199",460199
"09460210",460210
"09460290",460290
10470100,470100
10470200,470200
10470311,470311
10470319,470319
10470321,470321
10470329,470329
10470411,470411
10470419,470419
10470421,470421
10470429,470429
10470500,470500
10470610,470610
10470691,470691
10470692,470692
10470693,470693
10470710,470710
10470720,470720
10470730,470730
10470790,470790
10480100,480100
10480210,480210
10480220,480220
10480230,480230
10480240,480240
10480251,480251
10480252,480252
10480253,480253
10480260,480260
10480300,480300
10480411,480411
10480419,480419
10480421,480421
10480429,480429
10480431,480431
10480439,480439
10480441,480441
10480442,480442
10480449,480449
10480451,480451
10480452,480452
10480459,480459
10480510,480510
10480521,480521
10480522,480522
10480523,480523
10480529,480529
10480530,480530
10480540,480540
10480550,480550
10480560,480560
10480570,480570
10480580,480580
10480610,480610
10480620,480620
10480630,480630
10480640,480640
10480710,480710
10480791,480791
10480799,480799
10480810,480810
10480820,480820
10480830,480830
10480890,480890
10480910,480910
10480920,480920
10480990,480990
10481011,481011
10481012,481012
10481021,481021
10481029,481029
10481031,481031
10481032,481032
10481039,481039
10481091,481091
10481099,481099
10481110,481110
10481121,481121
10481129,481129
10481131,481131
10481139,481139
10481140,481140
10481190,481190
10481200,481200
10481310,481310
10481320,481320
10481390,481390
10481410,481410
10481420,481420
10481430,481430
10481490,481490
10481500,481500
10481610,481610
10481620,481620
10481630,481630
10481690,481690
10481710,481710
10481720,481720
10481730,481730
10481810,481810
10481820,481820
10481830,481830
10481840,481840
10481850,481850
10481890,481890
10481910,481910
10481920,481920
10481930,481930
10481940,481940
10481950,481950
10481960,481960
10482010,482010
10482020,482020
10482030,482030
10482040,482040
10482050,482050
10482090,482090
10482110,482110
10482190,482190
10482210,482210
10482290,482290
10482311,482311
10482319,482319
10482320,482320
10482330,482330
10482340,482340
10482351,482351
10482359,482359
10482360,482360
10482370,482370
10482390,482390
10490110,490110
10490191,490191
10490199,490199
10490210,490210
10490290,490290
10490300,490300
10490400,490400
10490510,490510
10490591,490591
10490599,490599
10490600,490600
10490700,490700
10490810,490810
10490890,490890
10490900,490900
10491000,491000
10491110,491110
10491191,491191
10491199,491199
11500100,500100
11500200,500200
11500310,500310
11500390,500390
11500400,500400
11500500,500500
11500600,500600
11500710,500710
11500720,500720
11500790,500790
11510111,510111
11510119,510119
11510121,510121
11510129,510129
11510130,510130
11510210,510210
11510220,510220
11510310,510310
11510320,510320
11510330,510330
11510400,510400
11510510,510510
11510521,510521
11510529,510529
11510530,510530
11510540,510540
11510610,510610
11510620,510620
11510710,510710
11510720,510720
11510810,510810
11510820,510820
11510910,510910
11510990,510990
11511000,511000
11511111,511111
11511119,511119
11511120,511120
11511130,511130
11511190,511190
11511211,511211
11511219,511219
11511220,511220
11511230,511230
11511290,511290
11511300,511300
11520100,520100
11520210,520210
11520291,520291
11520299,520299
11520300,520300
11520411,520411
11520419,520419
11520420,520420
11520511,520511
11520512,520512
11520513,520513
11520514,520514
11520515,520515
11520521,520521
11520522,520522
11520523,520523
11520524,520524
11520525,520525
11520531,520531
11520532,520532
11520533,520533
11520534,520534
11520535,520535
11520541,520541
11520542,520542
11520543,520543
11520544,520544
11520545,520545
11520611,520611
11520612,520612
11520613,520613
11520614,520614
11520615,520615
11520621,520621
11520622,520622
11520623,520623
11520624,520624
11520625,520625
11520631,520631
11520632,520632
11520633,520633
11520634,520634
11520635,520635
11520641,520641
11520642,520642
11520643,520643
11520644,520644
11520645,520645
11520710,520710
11520790,520790
11520811,520811
11520812,520812
11520813,520813
11520819,520819
11520821,520821
11520822,520822
11520823,520823
11520829,520829
11520831,520831
11520832,520832
11520833,520833
11520839,520839
11520841,520841
11520842,520842
11520843,520843
11520849,520849
11520851,520851
11520852,520852
11520853,520853
11520859,520859
11520911,520911
11520912,520912
11520919,520919
11520921,520921
11520922,520922
11520929,520929
11520931,520931
11520932,520932
11520939,520939
11520941,520941
11520942,520942
11520943,520943
11520949,520949
11520951,520951
11520952,520952
11520959,520959
11521011,521011
11521012,521012
11521019,521019
11521021,521021
11521022,521022
11521029,521029
11521031,521031
11521032,521032
11521039,521039
11521041,521041
11521042,521042
11521049,521049
11521051,521051
11521052,521052
11521059,521059
11521111,521111
11521112,521112
11521119,521119
11521121,521121
11521122,521122
11521129,521129
11521131,521131
11521132,521132
11521139,521139
11521141,521141
11521142,521142
11521143,521143
11521149,521149
11521151,521151
11521152,521152
11521159,521159
11521211,521211
11521212,521212
11521213,521213
11521214,521214
11521215,521215
11521221,521221
11521222,521222
11521223,521223
11521224,521224
11521225,521225
11530110,530110
11530121,530121
11530129,530129
11530130,530130
11530210,530210
11530290,530290
11530310,530310
11530390,530390
11530410,530410
11530490,530490
11530511,530511
11530519,530519
11530521,530521
11530529,530529
11530591,530591
11530599,530599
11530610,530610
11530620,530620
11530710,530710
11530720,530720
11530810,530810
11530820,530820
11530830,530830
11530890,530890
11530911,530911
11530919,530919
11530921,530921
11530929,530929
11531010,531010
11531090,531090
11531100,531100
11540110,540110
11540120,540120
11540210,540210
11540220,540220
11540231,540231
11540232,540232
11540233,540233
11540239,540239
11540241,540241
11540242,540242
11540243,540243
11540249,540249
11540251,540251
11540252,540252
11540259,540259
11540261,540261
11540262,540262
11540269,540269
11540310,540310
11540320,540320
11540331,540331
11540332,540332
11540333,540333
11540339,540339
11540341,540341
11540342,540342
11540349,540349
11540410,540410
11540490,540490
11540500,540500
11540610,540610
11540620,540620
11540710,540710
11540720,540720
11540730,540730
11540741,540741
11540742,540742
11540743,540743
11540744,540744
11540751,540751
11540752,540752
11540753,540753
11540754,540754
11540760,540760
11540771,540771
11540772,540772
11540773,540773
11540774,540774
11540781,540781
11540782,540782
11540783,540783
11540784,540784
11540791,540791
11540792,540792
11540793,540793
11540794,540794
11540810,540810
11540821,540821
11540822,540822
11540823,540823
11540824,540824
11540831,540831
11540832,540832
11540833,540833
11540834,540834
11550110,550110
11550120,550120
11550130,550130
11550190,550190
11550200,550200
11550310,550310
11550320,550320
11550330,550330
11550340,550340
11550390,550390
11550410,550410
11550490,550490
11550510,550510
11550520,550520
11550610,550610
11550620,550620
11550630,550630
11550690,550690
11550700,550700
11550810,550810
11550820,550820
11550911,550911
11550912,550912
11550921,550921
11550922,550922
11550931,550931
11550932,550932
11550941,550941
11550942,550942
11550951,550951
11550952,550952
11550953,550953
11550959,550959
11550961,550961
11550962,550962
11550969,550969
11550991,550991
11550992,550992
11550999,550999
11551011,551011
11551012,551012
11551020,551020
11551030,551030
11551090,551090
11551110,551110
11551120,551120
11551130,551130
11551211,551211
11551219,551219
11551221,551221
11551229,551229
11551291,551291
11551299,551299
11551311,551311
11551312,551312
11551313,551313
11551319,551319
11551321,551321
11551322,551322
11551323,551323
11551329,551329
11551331,551331
11551332,551332
11551333,551333
11551339,551339
11551341,551341
11551342,551342
11551343,551343
11551349,551349
11551411,551411
11551412,551412
11551413,551413
11551419,551419
11551421,551421
11551422,551422
11551423,551423
11551429,551429
11551431,551431
11551432,551432
11551433,551433
11551439,551439
11551441,551441
11551442,551442
11551443,551443
11551449,551449
11551511,551511
11551512,551512
11551513,551513
11551519,551519
11551521,551521
11551522,551522
11551529,551529
11551591,551591
11551592,551592
11551599,551599
11551611,551611
11551612,551612
11551613,551613
11551614,551614
11551621,551621
11551622,551622
11551623,551623
11551624,551624
11551631,551631
11551632,551632
11551633,551633
11551634,551634
11551641,551641
11551642,551642
11551643,551643
11551644,551644
11551691,551691
11551692,551692
11551693,551693
11551694,551694
11560110,560110
11560121,560121
11560122,560122
11560129,560129
11560130,560130
11560210,560210
11560221,560221
11560229,560229
11560290,560290
11560300,560300
11560410,560410
11560420,560420
11560490,560490
11560500,560500
11560600,560600
11560710,560710
11560721,560721
11560729,560729
11560730,560730
11560741,560741
11560749,560749
11560750,560750
11560790,560790
11560811,560811
11560819,560819
11560890,560890
11560900,560900
11570110,570110
11570190,570190
11570210,570210
11570220,570220
11570231,570231
11570232,570232
11570239,570239
11570241,570241
11570242,570242
11570249,570249
11570251,570251
11570252,570252
11570259,570259
11570291,570291
11570292,570292
11570299,570299
11570310,570310
11570320,570320
11570330,570330
11570390,570390
11570410,570410
11570490,570490
11570500,570500
11580110,580110
11580121,580121
11580122,580122
11580123,580123
11580124,580124
11580125,580125
11580126,580126
11580131,580131
11580132,580132
11580133,580133
11580134,580134
11580135,580135
11580136,580136
11580190,580190
11580211,580211
11580219,580219
11580220,580220
11580230,580230
11580310,580310
11580390,580390
11580410,580410
11580421,580421
11580429,580429
11580430,580430
11580500,580500
11580610,580610
11580620,580620
11580631,580631
11580632,580632
11580639,580639
11580640,580640
11580710,580710
11580790,580790
11580810,580810
11580890,580890
11580900,580900
11581010,581010
11581091,581091
11581092,581092
11581099,581099
11581100,581100
11590110,590110
11590190,590190
11590210,590210
11590220,590220
11590290,590290
11590310,590310
11590320,590320
11590390,590390
11590410,590410
11590491,590491
11590492,590492
11590500,590500
11590610,590610
11590691,590691
11590699,590699
11590700,590700
11590800,590800
11590900,590900
11591000,591000
11591110,591110
11591120,591120
11591131,591131
11591132,591132
11591140,591140
11591190,591190
11600110,600110
11600121,600121
11600122,600122
11600129,600129
11600191,600191
11600192,600192
11600199,600199
11600210,600210
11600220,600220
11600230,600230
11600241,600241
11600242,600242
11600243,600243
11600249,600249
11600291,600291
11600292,600292
11600293,600293
11600299,600299
11610110,610110
11610120,610120
11610130,610130
11610190,610190
11610210,610210
11610220,610220
11610230,610230
11610290,610290
11610311,610311
11610312,610312
11610319,610319
11610321,610321
11610322,610322
11610323,610323
11610329,610329
11610331,610331
11610332,610332
11610333,610333
11610339,610339
11610341,610341
11610342,610342
11610343,610343
11610349,610349
11610411,610411
11610412,610412
11610413,610413
11610419,610419
11610421,610421
11610422,610422
11610423,610423
11610429,610429
11610431,610431
11610432,610432
11610433,610433
11610439,610439
11610441,610441
11610442,610442
11610443,610443
11610444,610444
11610449,610449
11610451,610451
11610452,610452
11610453,610453
11610459,610459
11610461,610461
11610462,610462
11610463,610463
11610469,610469
11610510,610510
11610520,610520
11610590,610590
11610610,610610
11610620,610620
11610690,610690
11610711,610711
11610712,610712
11610719,610719
11610721,610721
11610722,610722
11610729,610729
11610791,610791
11610792,610792
11610799,610799
11610811,610811
11610819,610819
11610821,610821
11610822,610822
11610829,610829
11610831,610831
11610832,610832
11610839,610839
11610891,610891
11610892,610892
11610899,610899
11610910,610910
11610990,610990
11611010,611010
11611020,611020
11611030,611030
11611090,611090
11611110,611110
11611120,611120
11611130,611130
11611190,611190
11611211,611211
11611212,611212
11611219,611219
11611220,611220
11611231,611231
11611239,611239
11611241,611241
11611249,611249
11611300,611300
11611410,611410
11611420,611420
11611430,611430
11611490,611490
11611511,611511
11611512,611512
11611519,611519
11611520,611520
11611591,611591
11611592,611592
11611593,611593
11611599,611599
11611610,611610
11611691,611691
11611692,611692
11611693,611693
11611699,611699
11611710,611710
11611720,611720
11611780,611780
11611790,611790
11620111,620111
11620112,620112
11620113,620113
11620119,620119
11620191,620191
11620192,620192
11620193,620193
11620199,620199
11620211,620211
11620212,620212
11620213,620213
11620219,620219
11620291,620291
11620292,620292
11620293,620293
11620299,620299
11620311,620311
11620312,620312
11620319,620319
11620321,620321
11620322,620322
11620323,620323
11620329,620329
11620331,620331
11620332,620332
11620333,620333
11620339,620339
11620341,620341
11620342,620342
11620343,620343
11620349,620349
11620411,620411
11620412,620412
11620413,620413
11620419,620419
11620421,620421
11620422,620422
11620423,620423
11620429,620429
11620431,620431
11620432,620432
11620433,620433
11620439,620439
11620441,620441
11620442,620442
11620443,620443
11620444,620444
11620449,620449
11620451,620451
11620452,620452
11620453,620453
11620459,620459
11620461,620461
11620462,620462
11620463,620463
11620469,620469
11620510,620510
11620520,620520
11620530,620530
11620590,620590
11620610,620610
11620620,620620
11620630,620630
11620640,620640
11620690,620690
11620711,620711
11620719,620719
11620721,620721
11620722,620722
11620729,620729
11620791,620791
11620792,620792
11620799,620799
11620811,620811
11620819,620819
11620821,620821
11620822,620822
11620829,620829
11620891,620891
11620892,620892
11620899,620899
11620910,620910
11620920,620920
11620930,620930
11620990,620990
11621010,621010
11621020,621020
11621030,621030
11621040,621040
11621050,621050
11621111,621111
11621112,621112
11621120,621120
11621131,621131
11621132,621132
11621133,621133
11621139,621139
11621141,621141
11621142,621142
11621143,621143
11621149,621149
11621210,621210
11621220,621220
11621230,621230
11621290,621290
11621310,621310
11621320,621320
11621390,621390
11621410,621410
11621420,621420
11621430,621430
11621440,621440
11621490,621490
11621510,621510
11621520,621520
11621590,621590
11621600,621600
11621710,621710
11621790,621790
11630110,630110
11630120,630120
11630130,630130
11630140,630140
11630190,630190
11630210,630210
11630221,630221
11630222,630222
11630229,630229
11630231,630231
11630232,630232
11630239,630239
11630240,630240
11630251,630251
11630252,630252
11630253,630253
11630259,630259
11630260,630260
11630291,630291
11630292,630292
11630293,630293
11630299,630299
11630311,630311
11630312,630312
11630319,630319
11630391,630391
11630392,630392
11630399,630399
11630411,630411
11630419,630419
11630491,630491
11630492,630492
11630493,630493
11630499,630499
11630510,630510
11630520,630520
11630531,630531
11630539,630539
11630590,630590
11630611,630611
11630612,630612
11630619,630619
11630621,630621
11630622,630622
11630629,630629
11630631,630631
11630639,630639
11630641,630641
11630649,630649
11630691,630691
11630699,630699
11630710,630710
11630720,630720
11630790,630790
11630800,630800
11630900,630900
11631010,631010
11631090,631090
12640110,640110
12640191,640191
12640192,640192
12640199,640199
12640211,640211
12640219,640219
12640220,640220
12640230,640230
12640291,640291
12640299,640299
12640311,640311
12640319,640319
12640320,640320
12640330,640330
12640340,640340
12640351,640351
12640359,640359
12640391,640391
12640399,640399
12640411,640411
12640419,640419
12640420,640420
12640510,640510
12640520,640520
12640590,640590
12640610,640610
12640620,640620
12640691,640691
12640699,640699
12650100,650100
12650200,650200
12650300,650300
12650400,650400
12650510,650510
12650590,650590
12650610,650610
12650691,650691
12650692,650692
12650699,650699
12650700,650700
12660110,660110
12660191,660191
12660199,660199
12660200,660200
12660310,660310
12660320,660320
12660390,660390
12670100,670100
12670210,670210
12670290,670290
12670300,670300
12670411,670411
12670419,670419
12670420,670420
12670490,670490
13680100,680100
13680210,680210
13680221,680221
13680222,680222
13680223,680223
13680229,680229
13680291,680291
13680292,680292
13680293,680293
13680299,680299
13680300,680300
13680410,680410
13680421,680421
13680422,680422
13680423,680423
13680430,680430
13680510,680510
13680520,680520
13680530,680530
13680610,680610
13680620,680620
13680690,680690
13680710,680710
13680790,680790
13680800,680800
13680911,680911
13680919,680919
13680990,680990
13681011,681011
13681019,681019
13681020,681020
13681091,681091
13681099,681099
13681110,681110
13681120,681120
13681130,681130
13681190,681190
13681210,681210
13681220,681220
13681230,681230
13681240,681240
13681250,681250
13681260,681260
13681270,681270
13681290,681290
13681310,681310
13681390,681390
13681410,681410
13681490,681490
13681510,681510
13681520,681520
13681591,681591
13681599,681599
13690100,690100
13690210,690210
13690220,690220
13690290,690290
13690310,690310
13690320,690320
13690390,690390
13690410,690410
13690490,690490
13690510,690510
13690590,690590
13690600,690600
13690710,690710
13690790,690790
13690810,690810
13690890,690890
13690911,690911
13690919,690919
13690990,690990
13691010,691010
13691090,691090
13691110,691110
13691190,691190
13691200,691200
13691310,691310
13691390,691390
13691410,691410
13691490,691490
13700100,700100
13700210,700210
13700220,700220
13700231,700231
13700232,700232
13700239,700239
13700311,700311
13700319,700319
13700320,700320
13700330,700330
13700410,700410
13700490,700490
13700510,700510
13700521,700521
13700529,700529
13700530,700530
13700600,700600
13700711,700711
13700719,700719
13700721,700721
13700729,700729
13700800,700800
13700910,700910
13700991,700991
13700992,700992
13701010,701010
13701090,701090
13701110,701110
13701120,701120
13701190,701190
13701200,701200
13701310,701310
13701321,701321
13701329,701329
13701331,701331
13701332,701332
13701339,701339
13701391,701391
13701399,701399
13701400,701400
13701510,701510
13701590,701590
13701610,701610
13701690,701690
13701710,701710
13701720,701720
13701790,701790
13701810,701810
13701820,701820
13701890,701890
13701910,701910
13701920,701920
13701931,701931
13701932,701932
13701939,701939
13701990,701990
13702000,702000
14710110,710110
14710121,710121
14710122,710122
14710210,710210
14710221,710221
14710229,710229
14710231,710231
14710239,710239
14710310,710310
14710391,710391
14710399,710399
14710410,710410
14710420,710420
14710490,710490
14710510,710510
14710590,710590
14710610,710610
14710691,710691
14710692,710692
14710700,710700
14710811,710811
14710812,710812
14710813,710813
14710900,710900
14711011,711011
14711019,711019
14711021,711021
14711029,711029
14711031,711031
14711039,711039
14711041,711041
14711049,711049
14711100,711100
14711210,711210
14711220,711220
14711290,711290
14711311,711311
14711319,711319
14711320,711320
14711411,711411
14711419,711419
14711420,711420
14711510,711510
14711590,711590
14711610,711610
14711620,711620
14711711,711711
14711719,711719
14711790,711790
14711810,711810
14711890,711890
15720110,720110
15720120,720120
15720130,720130
15720140,720140
15720211,720211
15720219,720219
15720221,720221
15720229,720229
15720230,720230
15720241,720241
15720249,720249
15720250,720250
15720260,720260
15720270,720270
15720280,720280
15720291,720291
15720292,720292
15720293,720293
15720299,720299
15720310,720310
15720390,720390
15720410,720410
15720421,720421
15720429,720429
15720430,720430
15720441,720441
15720449,720449
15720450,720450
15720510,720510
15720521,720521
15720529,720529
15720610,720610
15720690,720690
15720711,720711
15720712,720712
15720719,720719
15720720,720720
15720811,720811
15720812,720812
15720813,720813
15720814,720814
15720821,720821
15720822,720822
15720823,720823
15720824,720824
15720831,720831
15720832,720832
15720833,720833
15720834,720834
15720835,720835
15720841,720841
15720842,720842
15720843,720843
15720844,720844
15720845,720845
15720890,720890
15720911,720911
15720912,720912
15720913,720913
15720914,720914
15720921,720921
15720922,720922
15720923,720923
15720924,720924
15720931,720931
15720932,720932
15720933,720933
15720934,720934
15720941,720941
15720942,720942
15720943,720943
15720944,720944
15720990,720990
15721011,721011
15721012,721012
15721020,721020
15721031,721031
15721039,721039
15721041,721041
15721049,721049
15721050,721050
15721060,721060
15721070,721070
15721090,721090
15721111,721111
15721112,721112
15721119,721119
15721121,721121
15721122,721122
15721129,721129
15721130,721130
15721141,721141
15721149,721149
15721190,721190
15721210,721210
15721221,721221
15721229,721229
15721230,721230
15721240,721240
15721250,721250
15721260,721260
15721310,721310
15721320,721320
15721331,721331
15721339,721339
15721341,721341
15721349,721349
15721350,721350
15721410,721410
15721420,721420
15721430,721430
15721440,721440
15721450,721450
15721460,721460
15721510,721510
15721520,721520
15721530,721530
15721540,721540
15721590,721590
15721610,721610
15721621,721621
15721622,721622
15721631,721631
15721632,721632
15721633,721633
15721640,721640
15721650,721650
15721660,721660
15721690,721690
15721711,721711
15721712,721712
15721713,721713
15721719,721719
15721721,721721
15721722,721722
15721723,721723
15721729,721729
15721731,721731
15721732,721732
15721733,721733
15721739,721739
15721810,721810
15721890,721890
15721911,721911
15721912,721912
15721913,721913
15721914,721914
15721921,721921
15721922,721922
15721923,721923
15721924,721924
15721931,721931
15721932,721932
15721933,721933
15721934,721934
15721935,721935
15721990,721990
15722011,722011
15722012,722012
15722020,722020
15722090,722090
15722100,722100
15722210,722210
15722220,722220
15722230,722230
15722240,722240
15722300,722300
15722410,722410
15722490,722490
15722510,722510
15722520,722520
15722530,722530
15722540,722540
15722550,722550
15722590,722590
15722610,722610
15722620,722620
15722691,722691
15722692,722692
15722699,722699
15722710,722710
15722720,722720
15722790,722790
15722810,722810
15722820,722820
15722830,722830
15722840,722840
15722850,722850
15722860,722860
15722870,722870
15722880,722880
15722910,722910
15722920,722920
15722990,722990
15730110,730110
15730120,730120
15730210,730210
15730220,730220
15730230,730230
15730240,730240
15730290,730290
15730300,730300
15730410,730410
15730420,730420
15730431,730431
15730439,730439
15730441,730441
15730449,730449
15730451,730451
15730459,730459
15730490,730490
15730511,730511
15730512,730512
15730519,730519
15730520,730520
15730531,730531
15730539,730539
15730590,730590
15730610,730610
15730620,730620
15730630,730630
15730640,730640
15730650,730650
15730660,730660
15730690,730690
15730711,730711
15730719,730719
15730721,730721
15730722,730722
15730723,730723
15730729,730729
15730791,730791
15730792,730792
15730793,730793
15730799,730799
15730810,730810
15730820,730820
15730830,730830
15730840,730840
15730890,730890
15730900,730900
15731010,731010
15731021,731021
15731029,731029
15731100,731100
15731210,731210
15731290,731290
15731300,731300
15731411,731411
15731419,731419
15731420,731420
15731430,731430
15731441,731441
15731442,731442
15731449,731449
15731450,731450
15731511,731511
15731512,731512
15731519,731519
15731520,731520
15731581,731581
15731582,731582
15731589,731589
15731590,731590
15731600,731600
15731700,731700
15731811,731811
15731812,731812
15731813,731813
15731814,731814
15731815,731815
15731816,731816
15731819,731819
15731821,731821
15731822,731822
15731823,731823
15731824,731824
15731829,731829
15731910,731910
15731920,731920
15731930,731930
15731990,731990
15732010,732010
15732020,732020
15732090,732090
15732111,732111
15732112,732112
15732113,732113
15732181,732181
15732182,732182
15732183,732183
15732190,732190
15732211,732211
15732219,732219
15732290,732290
15732310,732310
15732391,732391
15732392,732392
15732393,732393
15732394,732394
15732399,732399
15732410,732410
15732421,732421
15732429,732429
15732490,732490
15732510,732510
15732591,732591
15732599,732599
15732611,732611
15732619,732619
15732620,732620
15732690,732690
15740110,740110
15740120,740120
15740200,740200
15740311,740311
15740312,740312
15740313,740313
15740319,740319
15740321,740321
15740322,740322
15740323,740323
15740329,740329
15740400,740400
15740500,740500
15740610,740610
15740620,740620
15740710,740710
15740721,740721
15740722,740722
15740729,740729
15740811,740811
15740819,740819
15740821,740821
15740822,740822
15740829,740829
15740911,740911
15740919,740919
15740921,740921
15740929,740929
15740931,740931
15740939,740939
15740940,740940
15740990,740990
15741011,741011
15741012,741012
15741021,741021
15741022,741022
15741110,741110
15741121,741121
15741122,741122
15741129,741129
15741210,741210
15741220,741220
15741300,741300
15741410,741410
15741490,741490
15741510,741510
15741521,741521
15741529,741529
15741531,741531
15741532,741532
15741539,741539
15741600,741600
15741700,741700
15741810,741810
15741820,741820
15741910,741910
15741991,741991
15741999,741999
15750110,750110
15750120,750120
15750210,750210
15750220,750220
15750300,750300
15750400,750400
15750511,750511
15750512,750512
15750521,750521
15750522,750522
15750610,750610
15750620,750620
15750711,750711
15750712,750712
15750720,750720
15750800,750800
15760110,760110
15760120,760120
15760200,760200
15760310,760310
15760320,760320
15760410,760410
15760421,760421
15760429,760429
15760511,760511
15760519,760519
15760521,760521
15760529,760529
15760611,760611
15760612,760612
15760691,760691
15760692,760692
15760711,760711
15760719,760719
15760720,760720
15760810,760810
15760820,760820
15760900,760900
15761010,761010
15761090,761090
15761100,761100
15761210,761210
15761290,761290
15761300,761300
15761410,761410
15761490,761490
15761510,761510
15761520,761520
15761610,761610
15761690,761690
15780110,780110
15780191,780191
15780199,780199
15780200,780200
15780300,780300
15780411,780411
15780419,780419
15780420,780420
15780500,780500
15780600,780600
15790111,790111
15790112,790112
15790120,790120
15790200,790200
15790310,790310
15790390,790390
15790400,790400
15790500,790500
15790600,790600
15790710,790710
15790790,790790
15800110,800110
15800120,800120
15800200,800200
15800300,800300
15800400,800400
15800510,800510
15800520,800520
15800600,800600
15800700,800700
15810110,810110
15810191,810191
15810192,810192
15810193,810193
15810199,810199
15810210,810210
15810291,810291
15810292,810292
15810293,810293
15810299,810299
15810310,810310
15810390,810390
15810411,810411
15810419,810419
15810420,810420
15810430,810430
15810490,810490
15810510,810510
15810590,810590
15810600,810600
15810710,810710
15810790,810790
15810810,810810
15810890,810890
15810910,810910
15810990,810990
15811000,811000
15811100,811100
15811211,811211
15811219,811219
15811220,811220
15811230,811230
15811240,811240
15811291,811291
15811299,811299
15811300,811300
15820110,820110
15820120,820120
15820130,820130
15820140,820140
15820150,820150
15820160,820160
15820190,820190
15820210,820210
15820220,820220
15820231,820231
15820232,820232
15820240,820240
15820291,820291
15820299,820299
15820310,820310
15820320,820320
15820330,820330
15820340,820340
15820411,820411
15820412,820412
15820420,820420
15820510,820510
15820520,820520
15820530,820530
15820540,820540
15820551,820551
15820559,820559
15820560,820560
15820570,820570
15820580,820580
15820590,820590
15820600,820600
15820711,820711
15820712,820712
15820720,820720
15820730,820730
15820740,820740
15820750,820750
15820760,820760
15820770,820770
15820780,820780
15820790,820790
15820810,820810
15820820,820820
15820830,820830
15820840,820840
15820890,820890
15820900,820900
15821000,821000
15821110,821110
15821191,821191
15821192,821192
15821193,821193
15821194,821194
15821210,821210
15821220,821220
15821290,821290
15821300,821300
15821410,821410
15821420,821420
15821490,821490
15821510,821510
15821520,821520
15821591,821591
15821599,821599
15830110,830110
15830120,830120
15830130,830130
15830140,830140
15830150,830150
15830160,830160
15830170,830170
15830210,830210
15830220,830220
15830230,830230
15830241,830241
15830242,830242
15830249,830249
15830250,830250
15830260,830260
15830300,830300
15830400,830400
15830510,830510
15830520,830520
15830590,830590
15830610,830610
15830621,830621
15830629,830629
15830630,830630
15830710,830710
15830790,830790
15830810,830810
15830820,830820
15830890,830890
15830910,830910
15830990,830990
15831000,831000
15831110,831110
15831120,831120
15831130,831130
15831190,831190
16840110,840110
16840120,840120
16840130,840130
16840140,840140
16840211,840211
16840212,840212
16840219,840219
16840220,840220
16840290,840290
16840310,840310
16840390,840390
16840410,840410
16840420,840420
16840490,840490
16840510,840510
16840590,840590
16840611,840611
16840619,840619
16840690,840690
16840710,840710
16840721,840721
16840729,840729
16840731,840731
16840732,840732
16840733,840733
16840734,840734
16840790,840790
16840810,840810
16840820,840820
16840890,840890
16840910,840910
16840991,840991
16840999,840999
16841011,841011
16841012,841012
16841013,841013
16841090,841090
16841111,841111
16841112,841112
16841121,841121
16841122,841122
16841181,841181
16841182,841182
16841191,841191
16841199,841199
16841210,841210
16841221,841221
16841229,841229
16841231,841231
16841239,841239
16841280,841280
16841290,841290
16841311,841311
16841319,841319
16841320,841320
16841330,841330
16841340,841340
16841350,841350
16841360,841360
16841370,841370
16841381,841381
16841382,841382
16841391,841391
16841392,841392
16841410,841410
16841420,841420
16841430,841430
16841440,841440
16841451,841451
16841459,841459
16841460,841460
16841480,841480
16841490,841490
16841510,841510
16841581,841581
16841582,841582
16841583,841583
16841590,841590
16841610,841610
16841620,841620
16841630,841630
16841690,841690
16841710,841710
16841720,841720
16841780,841780
16841790,841790
16841810,841810
16841821,841821
16841822,841822
16841829,841829
16841830,841830
16841840,841840
16841850,841850
16841861,841861
16841869,841869
16841891,841891
16841899,841899
16841911,841911
16841919,841919
16841920,841920
16841931,841931
16841932,841932
16841939,841939
16841940,841940
16841950,841950
16841960,841960
16841981,841981
16841989,841989
16841990,841990
16842010,842010
16842091,842091
16842099,842099
16842111,842111
16842112,842112
16842119,842119
16842121,842121
16842122,842122
16842123,842123
16842129,842129
16842131,842131
16842139,842139
16842191,842191
16842199,842199
16842211,842211
16842219,842219
16842220,842220
16842230,842230
16842240,842240
16842290,842290
16842310,842310
16842320,842320
16842330,842330
16842381,842381
16842382,842382
16842389,842389
16842390,842390
16842410,842410
16842420,842420
16842430,842430
16842481,842481
16842489,842489
16842490,842490
16842511,842511
16842519,842519
16842520,842520
16842531,842531
16842539,842539
16842541,842541
16842542,842542
16842549,842549
16842611,842611
16842612,842612
16842619,842619
16842620,842620
16842630,842630
16842641,842641
16842649,842649
16842691,842691
16842699,842699
16842710,842710
16842720,842720
16842790,842790
16842810,842810
16842820,842820
16842831,842831
16842832,842832
16842833,842833
16842839,842839
16842840,842840
16842850,842850
16842860,842860
16842890,842890
16842911,842911
16842919,842919
16842920,842920
16842930,842930
16842940,842940
16842951,842951
16842952,842952
16842959,842959
16843010,843010
16843020,843020
16843031,843031
16843039,843039
16843041,843041
16843049,843049
16843050,843050
16843061,843061
16843062,843062
16843069,843069
16843110,843110
16843120,843120
16843131,843131
16843139,843139
16843141,843141
16843142,843142
16843143,843143
16843149,843149
16843210,843210
16843221,843221
16843229,843229
16843230,843230
16843240,843240
16843280,843280
16843290,843290
16843311,843311
16843319,843319
16843320,843320
16843330,843330
16843340,843340
16843351,843351
16843352,843352
16843353,843353
16843359,843359
16843360,843360
16843390,843390
16843410,843410
16843420,843420
16843490,843490
16843510,843510
16843590,843590
16843610,843610
16843621,843621
16843629,843629
16843680,843680
16843691,843691
16843699,843699
16843710,843710
16843780,843780
16843790,843790
16843810,843810
16843820,843820
16843830,843830
16843840,843840
16843850,843850
16843860,843860
16843880,843880
16843890,843890
16843910,843910
16843920,843920
16843930,843930
16843991,843991
16843999,843999
16844010,844010
16844090,844090
16844110,844110
16844120,844120
16844130,844130
16844140,844140
16844180,844180
16844190,844190
16844210,844210
16844220,844220
16844230,844230
16844240,844240
16844250,844250
16844311,844311
16844312,844312
16844319,844319
16844321,844321
16844329,844329
16844330,844330
16844340,844340
16844350,844350
16844360,844360
16844390,844390
16844400,844400
16844511,844511
16844512,844512
16844513,844513
16844519,844519
16844520,844520
16844530,844530
16844540,844540
16844590,844590
16844610,844610
16844621,844621
16844629,844629
16844630,844630
16844711,844711
16844712,844712
16844720,844720
16844790,844790
16844811,844811
16844819,844819
16844820,844820
16844831,844831
16844832,844832
16844833,844833
16844839,844839
16844841,844841
16844842,844842
16844849,844849
16844851,844851
16844859,844859
16844900,844900
16845011,845011
16845012,845012
16845019,845019
16845020,845020
16845090,845090
16845110,845110
16845121,845121
16845129,845129
16845130,845130
16845140,845140
16845150,845150
16845180,845180
16845190,845190
16845210,845210
16845221,845221
16845229,845229
16845230,845230
16845240,845240
16845290,845290
16845310,845310
16845320,845320
16845380,845380
16845390,845390
16845410,845410
16845420,845420
16845430,845430
16845490,845490
16845510,845510
16845521,845521
16845522,845522
16845530,845530
16845590,845590
16845610,845610
16845620,845620
16845630,845630
16845690,845690
16845710,845710
16845720,845720
16845730,845730
16845811,845811
16845819,845819
16845891,845891
16845899,845899
16845910,845910
16845921,845921
16845929,845929
16845931,845931
16845939,845939
16845940,845940
16845951,845951
16845959,845959
16845961,845961
16845969,845969
16845970,845970
16846011,846011
16846019,846019
16846021,846021
16846029,846029
16846031,846031
16846039,846039
16846040,846040
16846090,846090
16846110,846110
16846120,846120
16846130,846130
16846140,846140
16846150,846150
16846190,846190
16846210,846210
16846221,846221
16846229,846229
16846231,846231
16846239,846239
16846241,846241
16846249,846249
16846291,846291
16846299,846299
16846310,846310
16846320,846320
16846330,846330
16846390,846390
16846410,846410
16846420,846420
16846490,846490
16846510,846510
16846591,846591
16846592,846592
16846593,846593
16846594,846594
16846595,846595
16846596,846596
16846599,846599
16846610,846610
16846620,846620
16846630,846630
16846691,846691
16846692,846692
16846693,846693
16846694,846694
16846711,846711
16846719,846719
16846781,846781
16846789,846789
16846791,846791
16846792,846792
16846799,846799
16846810,846810
16846820,846820
16846880,846880
16846890,846890
16846910,846910
16846921,846921
16846929,846929
16846931,846931
16846939,846939
16847010,847010
16847021,847021
16847029,847029
16847030,847030
16847040,847040
16847050,847050
16847090,847090
16847110,847110
16847120,847120
16847191,847191
16847192,847192
16847193,847193
16847199,847199
16847210,847210
16847220,847220
16847230,847230
16847290,847290
16847310,847310
16847321,847321
16847329,847329
16847330,847330
16847340,847340
16847410,847410
16847420,847420
16847431,847431
16847432,847432
16847439,847439
16847480,847480
16847490,847490
16847510,847510
16847520,847520
16847590,847590
16847611,847611
16847619,847619
16847690,847690
16847710,847710
16847720,847720
16847730,847730
16847740,847740
16847751,847751
16847759,847759
16847780,847780
16847790,847790
16847810,847810
16847890,847890
16847910,847910
16847920,847920
16847930,847930
16847940,847940
16847981,847981
16847982,847982
16847989,847989
16847990,847990
16848010,848010
16848020,848020
16848030,848030
16848041,848041
16848049,848049
16848050,848050
16848060,848060
16848071,848071
16848079,848079
16848110,848110
16848120,848120
16848130,848130
16848140,848140
16848180,848180
16848190,848190
16848210,848210
16848220,848220
16848230,848230
16848240,848240
16848250,848250
16848280,848280
16848291,848291
16848299,848299
16848310,848310
16848320,848320
16848330,848330
16848340,848340
16848350,848350
16848360,848360
16848390,848390
16848410,848410
16848490,848490
16848510,848510
16848590,848590
16850110,850110
16850120,850120
16850131,850131
16850132,850132
16850133,850133
16850134,850134
16850140,850140
16850151,850151
16850152,850152
16850153,850153
16850161,850161
16850162,850162
16850163,850163
16850164,850164
16850211,850211
16850212,850212
16850213,850213
16850220,850220
16850230,850230
16850240,850240
16850300,850300
16850410,850410
16850421,850421
16850422,850422
16850423,850423
16850431,850431
16850432,850432
16850433,850433
16850434,850434
16850440,850440
16850450,850450
16850490,850490
16850511,850511
16850519,850519
16850520,850520
16850530,850530
16850590,850590
16850611,850611
16850612,850612
16850613,850613
16850619,850619
16850620,850620
16850690,850690
16850710,850710
16850720,850720
16850730,850730
16850740,850740
16850780,850780
16850790,850790
16850810,850810
16850820,850820
16850880,850880
16850890,850890
16850910,850910
16850920,850920
16850930,850930
16850940,850940
16850980,850980
16850990,850990
16851010,851010
16851020,851020
16851090,851090
16851110,851110
16851120,851120
16851130,851130
16851140,851140
16851150,851150
16851180,851180
16851190,851190
16851210,851210
16851220,851220
16851230,851230
16851240,851240
16851290,851290
16851310,851310
16851390,851390
16851410,851410
16851420,851420
16851430,851430
16851440,851440
16851490,851490
16851511,851511
16851519,851519
16851521,851521
16851529,851529
16851531,851531
16851539,851539
16851580,851580
16851590,851590
16851610,851610
16851621,851621
16851629,851629
16851631,851631
16851632,851632
16851633,851633
16851640,851640
16851650,851650
16851660,851660
16851671,851671
16851672,851672
16851679,851679
16851680,851680
16851690,851690
16851710,851710
16851720,851720
16851730,851730
16851740,851740
16851781,851781
16851782,851782
16851790,851790
16851810,851810
16851821,851821
16851822,851822
16851829,851829
16851830,851830
16851840,851840
16851850,851850
16851890,851890
16851910,851910
16851921,851921
16851929,851929
16851931,851931
16851939,851939
16851940,851940
16851991,851991
16851999,851999
16852010,852010
16852020,852020
16852031,852031
16852039,852039
16852090,852090
16852110,852110
16852190,852190
16852210,852210
16852290,852290
16852311,852311
16852312,852312
16852313,852313
16852320,852320
16852390,852390
16852410,852410
16852421,852421
16852422,852422
16852423,852423
16852490,852490
16852510,852510
16852520,852520
16852530,852530
16852610,852610
16852691,852691
16852692,852692
16852711,852711
16852719,852719
16852721,852721
16852729,852729
16852731,852731
16852732,852732
16852739,852739
16852790,852790
16852810,852810
16852820,852820
16852910,852910
16852990,852990
16853010,853010
16853080,853080
16853090,853090
16853110,853110
16853120,853120
16853180,853180
16853190,853190
16853210,853210
16853221,853221
16853222,853222
16853223,853223
16853224,853224
16853225,853225
16853229,853229
16853230,853230
16853290,853290
16853310,853310
16853321,853321
16853329,853329
16853331,853331
16853339,853339
16853340,853340
16853390,853390
16853400,853400
16853510,853510
16853521,853521
16853529,853529
16853530,853530
16853540,853540
16853590,853590
16853610,853610
16853620,853620
16853630,853630
16853641,853641
16853649,853649
16853650,853650
16853661,853661
16853669,853669
16853690,853690
16853710,853710
16853720,853720
16853810,853810
16853890,853890
16853910,853910
16853921,853921
16853922,853922
16853929,853929
16853931,853931
16853939,853939
16853940,853940
16853990,853990
16854011,854011
16854012,854012
16854020,854020
16854030,854030
16854041,854041
16854042,854042
16854049,854049
16854081,854081
16854089,854089
16854091,854091
16854099,854099
16854110,854110
16854121,854121
16854129,854129
16854130,854130
16854140,854140
16854150,854150
16854160,854160
16854190,854190
16854211,854211
16854219,854219
16854220,854220
16854280,854280
16854290,854290
16854310,854310
16854320,854320
16854330,854330
16854380,854380
16854390,854390
16854411,854411
16854419,854419
16854420,854420
16854430,854430
16854441,854441
16854449,854449
16854451,854451
16854459,854459
16854460,854460
16854470,854470
16854511,854511
16854519,854519
16854520,854520
16854590,854590
16854610,854610
16854620,854620
16854690,854690
16854710,854710
16854720,854720
16854790,854790
16854800,854800
17860110,860110
17860120,860120
17860210,860210
17860290,860290
17860310,860310
17860390,860390
17860400,860400
17860500,860500
17860610,860610
17860620,860620
17860630,860630
17860691,860691
17860692,860692
17860699,860699
17860711,860711
17860712,860712
17860719,860719
17860721,860721
17860729,860729
17860730,860730
17860791,860791
17860799,860799
17860800,860800
17860900,860900
17870110,870110
17870120,870120
17870130,870130
17870190,870190
17870210,870210
17870290,870290
17870310,870310
17870321,870321
17870322,870322
17870323,870323
17870324,870324
17870331,870331
17870332,870332
17870333,870333
17870390,870390
17870410,870410
17870421,870421
17870422,870422
17870423,870423
17870431,870431
17870432,870432
17870490,870490
17870510,870510
17870520,870520
17870530,870530
17870540,870540
17870590,870590
17870600,870600
17870710,870710
17870790,870790
17870810,870810
17870821,870821
17870829,870829
17870831,870831
17870839,870839
17870840,870840
17870850,870850
17870860,870860
17870870,870870
17870880,870880
17870891,870891
17870892,870892
17870893,870893
17870894,870894
17870899,870899
17870911,870911
17870919,870919
17870990,870990
17871000,871000
17871110,871110
17871120,871120
17871130,871130
17871140,871140
17871150,871150
17871190,871190
17871200,871200
17871310,871310
17871390,871390
17871411,871411
17871419,871419
17871420,871420
17871491,871491
17871492,871492
17871493,871493
17871494,871494
17871495,871495
17871496,871496
17871499,871499
17871500,871500
17871610,871610
17871620,871620
17871631,871631
17871639,871639
17871640,871640
17871680,871680
17871690,871690
17880110,880110
17880190,880190
17880211,880211
17880212,880212
17880220,880220
17880230,880230
17880240,880240
17880250,880250
17880310,880310
17880320,880320
17880330,880330
17880390,880390
17880400,880400
17880510,880510
17880520,880520
17890110,890110
17890120,890120
17890130,890130
17890190,890190
17890200,890200
17890310,890310
17890391,890391
17890392,890392
17890399,890399
17890400,890400
17890510,890510
17890520,890520
17890590,890590
17890600,890600
17890710,890710
17890790,890790
17890800,890800
18900110,900110
18900120,900120
18900130,900130
18900140,900140
18900150,900150
18900190,900190
18900211,900211
18900219,900219
18900220,900220
18900290,900290
18900311,900311
18900319,900319
18900390,900390
18900410,900410
18900490,900490
18900510,900510
18900580,900580
18900590,900590
18900610,900610
18900620,900620
18900630,900630
18900640,900640
18900651,900651
18900652,900652
18900653,900653
18900659,900659
18900661,900661
18900662,900662
18900669,900669
18900691,900691
18900699,900699
18900711,900711
18900719,900719
18900721,900721
18900729,900729
18900791,900791
18900792,900792
18900810,900810
18900820,900820
18900830,900830
18900840,900840
18900890,900890
18900911,900911
18900912,900912
18900921,900921
18900922,900922
18900930,900930
18900990,900990
18901010,901010
18901020,901020
18901030,901030
18901090,901090
18901110,901110
18901120,901120
18901180,901180
18901190,901190
18901210,901210
18901290,901290
18901310,901310
18901320,901320
18901380,901380
18901390,901390
18901410,901410
18901420,901420
18901480,901480
18901490,901490
18901510,901510
18901520,901520
18901530,901530
18901540,901540
18901580,901580
18901590,901590
18901600,901600
18901710,901710
18901720,901720
18901730,901730
18901780,901780
18901790,901790
18901811,901811
18901819,901819
18901820,901820
18901831,901831
18901832,901832
18901839,901839
18901841,901841
18901849,901849
18901850,901850
18901890,901890
18901910,901910
18901920,901920
18902000,902000
18902111,902111
18902119,902119
18902121,902121
18902129,902129
18902130,902130
18902140,902140
18902150,902150
18902190,902190
18902211,902211
18902219,902219
18902221,902221
18902229,902229
18902230,902230
18902290,902290
18902300,902300
18902410,902410
18902480,902480
18902490,902490
18902511,902511
18902519,902519
18902520,902520
18902580,902580
18902590,902590
18902610,902610
18902620,902620
18902680,902680
18902690,902690
18902710,902710
18902720,902720
18902730,902730
18902740,902740
18902750,902750
18902780,902780
18902790,902790
18902810,902810
18902820,902820
18902830,902830
18902890,902890
18902910,902910
18902920,902920
18902990,902990
18903010,903010
18903020,903020
18903031,903031
18903039,903039
18903040,903040
18903081,903081
18903089,903089
18903090,903090
18903110,903110
18903120,903120
18903130,903130
18903140,903140
18903180,903180
18903190,903190
18903210,903210
18903220,903220
18903281,903281
18903289,903289
18903290,903290
18903300,903300
18910111,910111
18910112,910112
18910119,910119
18910121,910121
18910129,910129
18910191,910191
18910199,910199
18910211,910211
18910212,910212
18910219,910219
18910221,910221
18910229,910229
18910291,910291
18910299,910299
18910310,910310
18910390,910390
18910400,910400
18910511,910511
18910519,910519
18910521,910521
18910529,910529
18910591,910591
18910599,910599
18910610,910610
18910620,910620
18910690,910690
18910700,910700
18910811,910811
18910812,910812
18910819,910819
18910820,910820
18910891,910891
18910899,910899
18910911,910911
18910919,910919
18910990,910990
18911011,911011
18911012,911012
18911019,911019
18911090,911090
18911110,911110
18911120,911120
18911180,911180
18911190,911190
18911210,911210
18911280,911280
18911290,911290
18911310,911310
18911320,911320
18911390,911390
18911410,911410
18911420,911420
18911430,911430
18911440,911440
18911490,911490
18920110,920110
18920120,920120
18920190,920190
18920210,920210
18920290,920290
18920300,920300
18920410,920410
18920420,920420
18920510,920510
18920590,920590
18920600,920600
18920710,920710
18920790,920790
18920810,920810
18920890,920890
18920910,920910
18920920,920920
18920930,920930
18920991,920991
18920992,920992
18920993,920993
18920994,920994
18920999,920999
19930100,930100
19930200,930200
19930310,930310
19930320,930320
19930330,930330
19930390,930390
19930400,930400
19930510,930510
19930521,930521
19930529,930529
19930590,930590
19930610,930610
19930621,930621
19930629,930629
19930630,930630
19930690,930690
19930700,930700
20940110,940110
20940120,940120
20940130,940130
20940140,940140
20940150,940150
20940161,940161
20940169,940169
20940171,940171
20940179,940179
20940180,940180
20940190,940190
20940210,940210
20940290,940290
20940310,940310
20940320,940320
20940330,940330
20940340,940340
20940350,940350
20940360,940360
20940370,940370
20940380,940380
20940390,940390
20940410,940410
20940421,940421
20940429,940429
20940430,940430
20940490,940490
20940510,940510
20940520,940520
20940530,940530
20940540,940540
20940550,940550
20940560,940560
20940591,940591
20940592,940592
20940599,940599
20940600,940600
20950100,950100
20950210,950210
20950291,950291
20950299,950299
20950310,950310
20950320,950320
20950330,950330
20950341,950341
20950349,950349
20950350,950350
20950360,950360
20950370,950370
20950380,950380
20950390,950390
20950410,950410
20950420,950420
20950430,950430
20950440,950440
20950490,950490
20950510,950510
20950590,950590
20950611,950611
20950612,950612
20950619,950619
20950621,950621
20950629,950629
20950631,950631
20950632,950632
20950639,950639
20950640,950640
20950651,950651
20950659,950659
20950661,950661
20950662,950662
20950669,950669
20950670,950670
20950691,950691
20950699,950699
20950710,950710
20950720,950720
20950730,950730
20950790,950790
20950800,950800
20960110,960110
20960190,960190
20960200,960200
20960310,960310
20960321,960321
20960329,960329
20960330,960330
20960340,960340
20960350,960350
20960390,960390
20960400,960400
20960500,960500
20960610,960610
20960621,960621
20960622,960622
20960629,960629
20960630,960630
20960711,960711
20960719,960719
20960720,960720
20960810,960810
20960820,960820
20960831,960831
20960839,960839
20960840,960840
20960850,960850
20960860,960860
20960891,960891
20960899,960899
20960910,960910
20960920,960920
20960990,960990
20961000,961000
20961100,961100
20961210,961210
20961220,961220
20961310,961310
20961320,961320
20961330,961330
20961380,961380
20961390,961390
20961410,961410
20961420,961420
20961490,961490
20961511,961511
20961519,961519
20961590,961590
20961610,961610
20961620,961620
20961700,961700
20961800,961800
21970110,970110
21970190,970190
21970200,970200
21970300,970300
21970400,970400
21970500,970500
21970600,970600
22999999,999999
"229999AA","9999AA"
